,language,endangerment,speakers,state
156,Navajo,Vulnerable,120000,Arizona
359,Sioux,Vulnerable,25000,South Dakota
443,O'odham (Akimel),Definitely endangered,15000,Arizona
444,O'odham (Tohono),Definitely endangered,15000,Arizona
502,Central Alaskan Yupik (2),Vulnerable,10400,Alaska
503,Central Alaskan Yupik (Nuniak Island),Vulnerable,10400,Alaska
517,Cherokee (Oklahoma),Definitely endangered,10000,Oklahoma
553,Choctaw (Louisiana),Vulnerable,9500,Louisiana
554,Choctaw (Mississipi),Vulnerable,9500,Mississippi
555,Choctaw (Oklahoma),Vulnerable,9500,Oklahoma
568,Zuni,Vulnerable,9000,New Mexico
580,Micmac (Massachusetts),Definitely endangered,8145,Massachusetts
592,Ojibwe,Severely endangered,8000,Minnesota
639,Rio Grande Keresan,Definitely endangered,6685,New Mexico
672,Western Apache,Definitely endangered,6000,Arizona
704,Creek,Definitely endangered,5000,Oklahoma
712,Hopi,Vulnerable,5000,Arizona
768,Acoma-Laguna,Definitely endangered,4000,New Mexico
814,Crow,Definitely endangered,3500,Montana
848,Jemez,Vulnerable,3000,New Mexico
858,"Mohawk (Akwesasne, St. Regis)",Definitely endangered,3000,Québec
934,North Alaskan Inupiaq (Kotzebue Sound),Severely endangered,2144,Alaska
935,North Alaskan Inupiaq (North Slope),Severely endangered,2144,Alaska
936,Seward Peninsula Inupiaq (King Island),Critically endangered,2144,Alaska
937,Seward Peninsula Inupiaq (Little Diomede Island),Critically endangered,2144,Alaska
938,Seward Peninsula Inupiaq (Norton Sound),Critically endangered,2144,Alaska
995,Shoshoni (Idaho),Severely endangered,2000,Idaho
996,Shoshoni (Nevada),Severely endangered,2000,Utah
997,Shoshoni (Wyoming),Severely endangered,2000,Wyoming
1032,Cheyenne (Montana),Definitely endangered,1700,Montana
1038,Upland Yuman,Vulnerable,1650,Arizona
1044,Southern Tiwa (Isleta Pueblo),Definitely endangered,1600,New Mexico
1045,Southern Tiwa (Sandia Pueblo),Definitely endangered,1600,New Mexico
1046,Tewa (Arizona),Definitely endangered,1600,Arizona
1047,Tewa (New Mexico),Severely endangered,1600,New Mexico
1068,Mescalero-Chiricahua Apache (New Mexico),Definitely endangered,1500,New Mexico
1147,Arapaho (Wyoming),Severely endangered,1000,Wyoming
1149,Blackfoot (United States of America),Definitely endangered,1000,Montana
1154,Central Siberian Yupik (St. Lawrence Island),Definitely endangered,1000,Alaska
1156,Cherokee (North Carolina),Severely endangered,1000,North Carolina
1172,Hawaiian,Critically endangered,1000,Hawaii
1175,Hualapai,Vulnerable,1000,Arizona
1268,Taos,Definitely endangered,800,New Mexico
1313,Chickasaw,Severely endangered,600,Oklahoma
1363,Yaqui (United States of America),Definitely endangered,510,Arizona
1381,Havasupai,Definitely endangered,500,Arizona
1392,Maliseet-Passamaquoddy,Severely endangered,500,Maine
1393,Mikasuki,Vulnerable,500,Florida
1413,"Ute (Colorado, Ute Mountain)",Severely endangered,500,Colorado
1426,Ottawa (Michigan),Critically endangered,459,Michigan
1431,Koasati (Louisiana),Definitely endangered,450,Louisiana
1432,Koasati (Texas),Definitely endangered,450,
1454,Cheyenne (Oklahoma),Severely endangered,400,Oklahoma
1467,Kickapoo (Kansas),Severely endangered,400,Kansas
1468,Kickapoo (Oklahoma),Severely endangered,400,Oklahoma
1469,Kickapoo (Texas),Severely endangered,400,
1470,Kiowa,Severely endangered,400,Oklahoma
1474,Northern Paiute (Nevada),Definitely endangered,400,Nevada
1536,Jicarilla Apache,Severely endangered,300,New Mexico
1547,Northern Paiute (Oregon),Critically endangered,300,Oregon
1555,Tlingit (United States of America),Critically endangered,300,Alaska
1559,Ute (Utah),Severely endangered,300,Utah
1572,Alabama,Definitely endangered,275,
1573,Cocopa (Arizona),Severely endangered,275,Arizona
1594,Winnebago (Nebraska),Severely endangered,250,Nebraska
1595,Winnebago (Wisconsin),Severely endangered,250,Wisconsin
1605,Picuris,Vulnerable,225,New Mexico
1635,Hidatsa,Definitely endangered,200,North Dakota
1655,Pacific Gulf Yupik,Severely endangered,200,Alaska
1658,Sauk-Fox,Critically endangered,200,Iowa
1691,Aleut (Eastern),Critically endangered,150,Alaska
1692,Aleut (Western),Severely endangered,150,Alaska
1695,Assiniboine (United States of America),Critically endangered,150,Montana
1700,Gwich'in (United States of America),Severely endangered,150,Alaska
1704,Koyukon,Critically endangered,150,Alaska
1709,Quechan,Definitely endangered,150,California
1714,Yavapai,Severely endangered,150,Arizona
1761,Comanche,Severely endangered,100,Oklahoma
1775,Maricopa,Severely endangered,100,Arizona
1776,Mohave (Arizona),Severely endangered,100,California
1777,Mohave (California),Severely endangered,100,California
1791,Sahaptin,Severely endangered,100,Oregon
1793,Seneca (United States of America),Severely endangered,100,New York
1795,Shawnee,Severely endangered,100,Oklahoma
1804,"Ute (Colorado, Southern Ute)",Severely endangered,100,Colorado
1858,Northern Straits Salish,Critically endangered,65,Washington
1870,Montana Salish,Critically endangered,60,Montana
1886,Upper Tanana (United States of America),Critically endangered,55,Alaska
1910,Omaha-Ponca,Critically endangered,50,Nebraska
1915,Potawatomi (Kansas),Critically endangered,50,Kansas
1916,Potawatomi (Michigan),Critically endangered,50,Michigan
1917,Potawatomi (Oklahoma),Critically endangered,50,Oklahoma
1918,Potawatomi (Wisconsin),Critically endangered,50,Wisconsin
1925,Tanacross,Critically endangered,50,Alaska
1926,Tanaina,Severely endangered,50,Alaska
1941,Mono (Western),Critically endangered,40,California
1943,Tipai (United States of America),Severely endangered,40,California
1951,Menominee,Critically endangered,35,Wisconsin
1964,Cahuilla,Critically endangered,30,California
1974,Mono (Eastern),Critically endangered,30,California
1980,Valley Yokuts,Severely endangered,30,California
1985,Ahtna,Critically endangered,25,Alaska
1987,Caddo,Critically endangered,25,Oklahoma
1988,Columbian,Critically endangered,25,Washington
1997,Upper Kuskokwim,Critically endangered,25,Alaska
1999,Kashaya,Critically endangered,24,California
2002,Washo,Severely endangered,24,Nevada
2033,Nez Perce,Critically endangered,20,Idaho
2037,Panamint,Critically endangered,20,California
2059,Tanana,Critically endangered,15,Alaska
2060,Ingalik,Critically endangered,14,Alaska
2065,Han (United States of America),Critically endangered,12,Alaska
2066,Hupa,Critically endangered,12,California
2067,Karuk,Severely endangered,12,California
2068,Makah,Critically endangered,12,Washington
2073,Yurok,Critically endangered,12,California
2076,Achumawi,Critically endangered,10,California
2078,Arikara,Critically endangered,10,North Dakota
2084,Gros Ventre,Critically endangered,10,Montana
2094,Kawaiisu,Critically endangered,10,California
2105,Mandan,Critically endangered,10,North Dakota
2115,Northern Paiute (Idaho),Critically endangered,10,Idaho
2117,Oneida (Wisconsin),Critically endangered,10,Wisconsin
2118,Onondaga (New York),Critically endangered,10,New York
2119,Osage,Critically endangered,10,Oklahoma
2121,Pawnee,Critically endangered,10,Oklahoma
2131,Tule-Kaweah Yokuts,Critically endangered,10,California
2133,Wichita,Critically endangered,10,Oklahoma
2153,Kiksht,Critically endangered,7,Oregon
2158,Ipai,Critically endangered,6,California
2160,Kings River Yokuts,Critically endangered,6,California
2163,Northern Sierra Miwok,Critically endangered,6,California
2174,Holikachuk,Critically endangered,5,Alaska
2179,Kalispel,Critically endangered,5,Washington
2182,Luiseño,Critically endangered,5,California
2183,Lushootseed,Critically endangered,5,Washington
2203,Yuchi,Critically endangered,5,Oklahoma
2205,Coeur d'Alene,Critically endangered,4,Idaho
2222,Central Pomo,Critically endangered,3,California
2223,Central Sierra Miwok,Critically endangered,3,California
2224,Chemehuevi,Critically endangered,3,Arizona
2225,Kiowa Apache,Critically endangered,3,Oklahoma
2226,Konkow,Critically endangered,3,California
2227,Lake Miwok,Critically endangered,3,California
2229,Mescalero-Chiricahua Apache (Oklahoma),Critically endangered,3,Oklahoma
2230,Northern Pomo,Critically endangered,3,California
2232,Southern Pomo,Critically endangered,3,California
2233,Southern Sierra Miwok,Critically endangered,3,California
2234,Tubatulabal,Critically endangered,3,California
2235,Tuscarora (United States of America),Critically endangered,3,New York
2245,Klallam,Critically endangered,2,Washington
2251,Maidu,Critically endangered,2,California
2252,Oneida (New York),Critically endangered,2,New York
2257,Spokane,Critically endangered,2,Washington
2271,Patwin,Critically endangered,1,California
2276,Tolowa,Critically endangered,1,California
2279,Wintu-Nomlaki,Critically endangered,1,California
2292,Antoniano,Extinct,0,California
2295,Arapaho (Oklahoma),Extinct,0,Oklahoma
2302,Atsugewi,Extinct,0,California
2307,Barbareño,Extinct,0,California
2319,Catawba,Extinct,0,South Carolina
2320,Cayuga (Oklahoma),Extinct,0,Oklahoma
2321,Cayuse,Extinct,0,Oregon
2322,Central Kalapuyan,Extinct,0,Oregon
2326,Cowlitz,Extinct,0,Washington
2329,Cupeño,Extinct,0,California
2340,Eastern Abenaki,Extinct,0,Maine
2342,Eastern Pomo,Extinct,0,California
2343,Eel River Athabaskan,Extinct,0,California
2347,Eyak,Extinct,0,Alaska
2360,Hanis,Extinct,0,Oregon
2367,Huron-Wyandot (United States of America),Extinct,0,Oklahoma
2369,Ineseño,Extinct,0,California
2371,Island Chumash,Extinct,0,California
2377,Kansa,Extinct,0,Oklahoma
2382,Kato,Extinct,0,California
2393,Klamath-Modoc,Extinct,0,Oregon
2394,Konomihu,Extinct,0,California
2410,Lipan,Extinct,0,New Mexico
2416,Lower Chehalis,Extinct,0,Washington
2425,Mattole,Extinct,0,California
2426,Miami-Illinois,Extinct,0,Oklahoma
2427,Migueleño,Extinct,0,California
2435,Molala,Extinct,0,Oregon
2442,Natchez,Extinct,0,Mississippi
2443,New River Shasta,Extinct,0,Oregon
2447,Nisenan,Extinct,0,California
2448,Nooksack,Extinct,0,British Columbia
2450,Northeastern Pomo,Extinct,0,California
2454,Obispeño,Extinct,0,California
2472,Purisimeño,Extinct,0,California
2474,Quapaw,Extinct,0,Oklahoma
2475,Quileute,Extinct,0,Washington
2482,Serrano,Extinct,0,California
2488,Siuslaw,Extinct,0,Oregon
2490,Southeastern Pomo,Extinct,0,California
2501,Tillamook,Extinct,0,Oregon
2506,Tunica,Extinct,0,Louisiana
2507,Tututni,Extinct,0,Oregon
2508,Twana,Extinct,0,Washington
2512,Upper Chehalis,Extinct,0,Washington
2513,Upper Umpqua,Extinct,0,Oregon
2516,Ventureño,Extinct,0,California
2520,Wappo,Extinct,0,California
2522,Wiyot,Extinct,0,California
2530,Yuki,Extinct,0,California
2567,Chinook Jargon,Critically endangered,0,Oregon
2568,Chiwere,Extinct,0,Oklahoma
2629,Mohawk (Ganienkeh),Definitely endangered,0,New York
2631,Mohawk (Kanatsiohareke),Definitely endangered,0,New York
2639,Munsee (United States of America),Critically endangered,0,Pennsylvania
2663,Quinault,Extinct,0,Washington
2681,Southern Paiute,Severely endangered,0,Utah
2706,Unami,Extinct,0,Maryland
2712,Western Abenaki (United States of America),Extinct,0,New Hampshire
